filename,index,c1,c2,c3,c4,c5,c6,c7,c8,c9,c10,c11,c12,c13
0.in,0,1.00000000147052,-0.061703314667861,0.158185639901089,0.255800504177352,0.0975625607990457,0.0444425807381446,-0.0610519625726933,-0.187935434821596,0.0142360105343206,0.0370580126927026,0.300713998310007,0.198127362676922,0.23826100370338
1.in,1,1.00000000129002,-0.0113307773965722,0.198280894736718,0.234466250251066,0.125817685655166,0.0196572453586719,-0.0322936116087804,-0.172413524869286,0.00381162683090112,0.0621104296194641,0.313138219973337,0.216689608233569,0.27073649134136
6.in,6,1.00000000156616,-0.0631715162424277,0.103135986628316,0.309885081054877,0.0628263732432405,-0.027914262595215,-0.0674964246768104,-0.192913941335951,0.0126064779309651,0.0353005590235902,0.345525912916294,0.231300517839953,0.21192020142489
10.in,10,1.00000000144497,-0.213604480083575,0.196905598212154,0.252444965011187,0.161678426004815,-0.127580885811759,-0.146097154229584,-0.246697795143589,0.051858469641314,-0.0404342811038809,0.392888447323746,0.285214510370186,0.304932814458837
11.in,11,1.00000000134829,-0.182148948494005,0.21137826795583,0.219686233942668,0.219928886896248,-0.182392099410271,-0.115344608375994,-0.23251983314213,0.0374329572160447,-0.0207675571065474,0.403357620939137,0.289063985238908,0.324747926765917
20.in,20,1.00000000145864,-0.141518166281098,0.256593529604846,0.283482576780494,0.114393545935605,0.0795846280729017,-0.101579044298436,-0.22108053030519,0.0320401296060279,-0.00544184707343054,0.367230528837431,0.256036523159806,0.305966035707082
37.in,37,1.00000000115985,-0.0148686576348359,0.301936182234195,0.34081117728921,0.0731905871779236,0.158569366930274,-0.0315054297124689,-0.175310270731456,0.00148234539125863,0.0611776824692958,0.396488647092421,0.278858427286366,0.320520108790377
107.in,107,1.00000000104218,-0.174659500987573,0.232478482689123,0.348943296747955,0.139089198389531,-0.0530236152113472,-0.0989065221962585,-0.281630110750867,0.0391161848217832,-0.00633968176107691,0.513629992945946,0.408058886466146,0.351240764036007
112.in,112,1.00000000122965,-0.234201353478598,0.177168262177069,0.1090753826818,0.216841427741565,0.00375807836857563,-0.103075710780988,-0.344333507442297,0.0496880610724441,-0.018112019761565,0.306140729174113,0.241270216681783,0.3135439827734
123.in,123,1.00000000113192,-0.0839717846321958,0.0251782380763172,0.241410134868398,0.126189598735722,-0.139798434859518,-0.0475782656000388,-0.300410321674087,0.0100945220699461,0.0496060953490444,0.391000590930298,0.31344906223398,0.250773190714361
222.in,222,1.00000000129073,-0.0233014700951794,0.0535436288269557,0.273969507054197,0.0414607720324155,-0.00659049257262537,-0.111608312498692,-0.266863160430923,0.00410837744880699,0.0640843837122,0.30725800704603,0.256753412899467,0.274874652071734
224.in,224,1.00000000143975,-0.114630983760899,0.0954725804093405,0.237347620275142,0.104319385387731,-0.0501402008545768,-0.15208586811192,-0.296976337792786,0.0248293702188045,0.0233197135730181,0.335300846466913,0.272605323320081,0.310131245864161
242.in,242,1.00000000108043,-0.116887682473032,0.155100719838438,0.291585418862153,0.0769768834535179,0.0117220067798013,-0.15452519279624,-0.304110777548132,0.0282141210842213,0.0161979173964456,0.37014495363309,0.309287236169365,0.345276342539314
266.in,266,1.00000000110544,-0.10592635496767,0.141427298707768,0.396212735634559,0.0278715325214668,0.00994967420224947,-0.143213916233487,-0.293620954726509,0.0248676910795607,0.0267575329625558,0.455424433281799,0.380107477440085,0.337688510495358
330.in,330,1.00000000132172,-0.0326378017624101,-0.0203395216634027,0.191281931334747,0.057381866241593,0.0687363565932794,-0.076869757953835,-0.372852735708844,0.0029904577981443,0.0860246321260609,0.272259898064738,0.256410409644104,0.256501012939827
385.in,385,1.00000000114421,0.0238628659393764,-0.0332886073983028,0.13162659895099,0.100700847703967,0.0430387809519801,-0.0335589175807733,-0.403488531839685,-0.00784581356482769,0.126361364501026,0.27497153076491,0.269054121557487,0.292803231514389
409.in,409,1.00000000155352,0.0296194533076696,-0.0377293134310187,0.232439329468311,0.0494042203318747,0.0447780647416378,-0.0197169165221248,-0.395021767693992,-0.0101148809775504,0.132541807773299,0.363106721266298,0.341513736890135,0.282448969810384
440.in,440,1.00000000124067,-0.0816025061235194,0.0561463545664114,0.183371334853884,0.0857260438356454,-0.0351214456708719,-0.196756249150318,-0.379352942910934,0.0226403154300148,0.0429293534701439,0.284943813896557,0.290634352122981,0.375311012322046
521.in,521,1.00000000109363,-0.105541964956578,0.0837731701488547,0.186829871254162,0.134920200940623,-0.0962637048724151,-0.196818176915121,-0.438098134433836,0.0232289154395377,0.0455484424098741,0.389701355863004,0.405720887920491,0.442804053184566
531.in,531,1.00000000127821,-0.0298943903515828,0.139679804043336,0.245870663197866,0.0694179248816355,0.100381021738495,-0.160652157608502,-0.414294711377237,0.00755640564318416,0.0837936597471477,0.373261024266685,0.376713832243186,0.449574919798879
582.in,582,1.0000000007704,0.0153570349118203,0.0323551203785269,0.252515202244787,-0.00344629269069231,0.23282150291003,-0.113411850689005,-0.448676749785646,-0.00237992365873346,0.11934172102096,0.315865207145414,0.340518585809775,0.369895668146029
591.in,591,1.00000000097336,-0.0162101472608215,0.0539100439862837,0.245848589077178,0.0532933547142673,0.0613725101390204,-0.135018138741982,-0.459553018080752,0.0032615598723635,0.103286119031971,0.395140071950425,0.418235489030033,0.424087583207826
645.in,645,1.0000000013023,-0.0137509591444594,0.0131877853981142,0.20356553618603,0.0661582595336792,0.0861797544544313,-0.115650995761597,-0.507610444020199,0.00324838844952084,0.116547496396969,0.370549314585104,0.422808222790482,0.413990692156998
687.in,687,1.00000000071908,0.0194294466232957,0.194121839312531,0.170975219167594,0.0723284643599837,0.174973873544291,-0.228840670896662,-0.432303834786063,-0.0117709550473311,0.105875596982688,0.307623246018483,0.351876203834499,0.5409852060491
698.in,698,1.00000000115391,-0.0427881401026889,0.059870537479776,0.314458603999729,0.00118126382766057,0.0510502814523386,-0.247967003541932,-0.460753629317654,0.0142873746722155,0.0692039343934143,0.374325476203658,0.417806338974794,0.465344077441273
725.in,725,1.00000000100715,-0.0623842427157121,0.153037654853926,0.0546675690302887,0.165612048043804,0.0833048656372807,-0.248955420244175,-0.514059794123019,0.0132648464371335,0.0761658175550128,0.268263610343438,0.345084466407137,0.558062350316574
740.in,740,1.00000000122359,-0.0300628479662633,0.130376396934468,0.161523412846657,0.0457159293644367,0.237498425695293,-0.238787628738143,-0.508991521711621,0.00785085590754679,0.0869064649453512,0.274640639376012,0.345680680022939,0.515204327297313
803.in,803,1.00000000092991,-0.0730425726642505,0.0969529576487393,0.107840447668475,0.123781159759254,0.0988454428755695,-0.231983273319539,-0.573595576120584,0.0177874179380723,0.0826429337765617,0.329884145707584,0.412600510171139,0.543360492804472
1008.in,1008,1.00000000088856,-0.171806202203227,0.189185984223927,0.214343154762939,0.184595008327272,0.252344780329122,-0.00956502647622938,-0.331468833581616,0.0396914036411448,0.0673277879380506,0.398707257784701,0.299104316147698,0.279443042904497
1018.in,1018,1.00000000086616,-0.0885375418896637,0.0307190998629565,0.348675801917823,0.0717884482689799,0.155327448250796,0.0276944135733872,-0.30166029958937,0.0201974480777804,0.108415684625569,0.452443465645884,0.347778718761011,0.18865532659537
1034.in,1034,1.00000000090586,-0.264281981985789,0.0286113085766486,0.0873113405602788,0.269698669065871,0.006884672080291,-0.0422607133959121,-0.406737662886078,0.0608511174780953,0.035675777146418,0.370865336337377,0.290047696222176,0.239893746914943
1039.in,1039,1.00000000131018,-0.125026341847371,-0.0329498165222604,0.159370466811171,0.212052068780234,-0.0475028416619651,0.0299422978119738,-0.363584874558033,0.0284884618398422,0.0976136803378949,0.401793561890474,0.312596092671723,0.206140685874805
1044.in,1044,1.00000000138033,-0.171959955284919,0.10768689233616,0.116826976745376,0.212121495719342,0.2156112774606,0.00145830546244254,-0.380803136664545,0.0375421398507073,0.0788982766817832,0.332672707161636,0.268282313100207,0.257419158651357
1047.in,1047,1.00000000110822,-0.199463361705331,0.176339912704292,0.0557206969312899,0.294763224896846,0.123798280429473,-0.0167617079968109,-0.390812530436367,0.0437710975677302,0.0588750435798084,0.371568070585266,0.308456388759504,0.326278025728371
1053.in,1053,1.00000000116451,-0.217074608797791,0.143297413011069,0.111012742359087,0.273158763937213,0.0581611929761464,-0.0164050118372118,-0.394800123756922,0.043789121746951,0.0558986548603537,0.414403790384716,0.337106619067666,0.309504869536873
1077.in,1077,1.00000000121343,-0.209188038280287,0.114832103179305,0.213790115544989,0.221204041496936,0.0451453043517303,-0.0179267631623601,-0.394513577879155,0.0449982760027207,0.0587031217046336,0.497699704989088,0.40984310167089,0.302743050001629
1083.in,1083,1.00000000141136,-0.169783525141537,0.181704758783927,0.0838740851905705,0.283474411643844,-0.0263099635187955,-0.114852758044472,-0.314694321361203,0.035791040677193,0.0539660000806839,0.354919490184916,0.274991946519937,0.365422886690605
1099.in,1099,1.00000000114406,-0.0878294119809448,0.190113327667994,0.172068523981763,0.198055667113589,0.10690674617768,-0.0800956478024377,-0.289360778528437,0.0168274440580629,0.0910725104411213,0.370064573504594,0.288487219824588,0.349234673020349
1131.in,1131,1.00000000089848,-0.182725673480602,0.177037778685919,0.292875224846424,0.182014339354457,-0.0224531685298309,-0.122519759648756,-0.32707894825985,0.0409915023883216,0.0445407860320031,0.51018366975502,0.41801530059385,0.369404544877117
1138.in,1138,1.00000000126551,-0.0608879684246957,-0.0238180636886878,0.192239697030645,0.13127124183555,0.0755394886626642,-0.0355725294247668,-0.321451350652794,0.0117991492478034,0.114766680183901,0.316841893896384,0.256905685619376,0.216578634139199
1143.in,1143,1.00000000086441,-0.18406065069705,0.0702146486499873,0.0975765763446904,0.267613559055371,-0.0715788202396463,-0.107938962229321,-0.37020709328012,0.0413445750173747,0.0570065077255025,0.376074018153249,0.317749753091521,0.336029993053436
1163.in,1163,1.00000000086592,-0.0133058316436923,0.00471361709711834,0.276245965842697,0.108345694349964,0.0548938473506119,-0.0283647275483884,-0.316934179052702,0.00226629419675908,0.136252138685818,0.413716398802948,0.343232990204386,0.259190977645358
1219.in,1219,1.00000000120911,-0.0780136487873552,-0.00260915607307435,0.19726398858999,0.169746778319933,-0.00437086657943633,-0.0412799253618311,-0.392583996569328,0.0208146988239036,0.116866900502239,0.412487436197322,0.377058907340551,0.297649791124129
1242.in,1242,1.00000000099017,-0.145519777456878,-0.010929825431356,0.0234545159917696,0.217104542251394,0.157488192022635,-0.0490744432051403,-0.464657464940633,0.0337361119291506,0.102940231490134,0.263597272130127,0.237421389847874,0.287501674327355
1315.in,1315,1.00000000110966,-0.0551311527491776,0.134098795049034,0.13144230501625,0.18376227533138,0.129158670773689,-0.134633436827041,-0.365693218050878,0.0115135869319677,0.118692683228819,0.334151215828406,0.308085616390424,0.407869254608811
1366.in,1366,1.0000000011984,-0.0152912846942258,0.0339481576219551,0.154698429935495,0.0994671734541856,0.245225940971233,-0.0942895823511518,-0.40824389171339,0.00299510959371261,0.146496715395858,0.286433024719895,0.273890987755843,0.339124701241729
1413.in,1413,1.00000000110753,-0.141337166597307,-0.00300719198727912,0.0171495427116065,0.254822950942391,-0.0159257576675267,-0.139259946692089,-0.499229137629016,0.0288682226473592,0.0984122383069253,0.321791539509208,0.33166891806943,0.393448717343585
1419.in,1419,1.00000000086597,-0.136945370918253,-0.0621895521574804,0.0723109413440973,0.221460747221805,-0.0901197612764899,-0.132116259274396,-0.495232216047781,0.0294612839992878,0.0982685324135025,0.363873502362218,0.371746561339381,0.366476823423839
1455.in,1455,1.00000000102614,-0.130231559367885,0.0303533657486254,0.163194102490379,0.179408899317202,0.0492965144576102,-0.130280793944568,-0.498032110301816,0.0278078663939181,0.105562042394794,0.445240651973792,0.439928854819138,0.409596633027816
1495.in,1495,1.00000000110678,-0.0571319509137504,0.073078128103781,0.060779111497065,0.188053453263639,0.293788910218352,-0.0757396317494921,-0.525526261233543,0.0164942073262423,0.155218714615479,0.315554633258794,0.342154946686326,0.422942736527451
1512.in,1512,1.00000000106082,-0.145973810959955,0.0545528582371861,0.0221936886827107,0.210229120190234,0.052812157107277,-0.25088641059404,-0.494917678365945,0.0340592504694386,0.0720739330737778,0.25585258982754,0.293312104625895,0.473366041049646
1527.in,1527,1.00000000153962,0.0598736307007166,0.0584776629046013,0.108245478969682,0.114079323649975,0.196155002270302,-0.145418970478998,-0.41926750181967,-0.0158486788876254,0.182521740896195,0.270045883094882,0.305399970466208,0.435451331739676
1529.in,1529,1.00000000082678,-0.025831817784899,0.0942875130206231,0.084770077264606,0.168406503823035,0.150595054286176,-0.182852137924633,-0.451372376226927,0.00391918124627667,0.140748276866805,0.291941290990959,0.320409710897457,0.472116187281387
1550.in,1550,1.00000000109444,0.00899787106338381,0.0143131945810777,0.244127556145313,0.0266840300892196,0.223793187111177,-0.166212723742097,-0.43091170743421,-0.00448643245371482,0.15856225395045,0.34429468924968,0.360707596589616,0.39769690765253
1561.in,1561,1.00000000135759,-0.104938697640742,0.076685114439421,0.19815159955587,0.155019480515422,0.0112601762021702,-0.228475466410561,-0.483669121632542,0.027736214870135,0.09601070153713,0.428224490966829,0.46537104820753,0.491331314537092
1562.in,1562,1.00000000083907,0.00617047302639806,-0.0734837044302059,0.0456566420552861,0.111791894127297,0.190117049753301,-0.154306083375968,-0.489976003416771,-0.0017958326348221,0.164091316636985,0.198292091186616,0.252614627589696,0.373020818449708
1563.in,1563,1.00000000110051,0.0594253998406737,-0.0425775092005486,0.0272179877126559,0.146264144781,0.15069788285684,-0.128204185790838,-0.47712719404669,-0.0102601596602447,0.193296132889709,0.20800591394699,0.269280313802125,0.406581100932331
1580.in,1580,1.0000000009656,0.00786618439741578,-0.0201601067855426,0.0983387235549286,0.0813342454366043,0.26728282286285,-0.153916393395401,-0.493977774282846,-0.00269122882296021,0.16611004228537,0.23874573677373,0.282044968277993,0.394600682313951
1623.in,1623,1.00000000098962,0.0639664084019507,-0.133984965357272,0.0322258776085151,0.126988516451588,0.109844368154758,-0.100739552959703,-0.519869761394331,-0.0161467183956662,0.211083278831981,0.238522237307859,0.300634625896547,0.373628897585276
1624.in,1624,1.00000000114516,-0.0747564480408247,-0.127822432755433,0.0386587749512106,0.144785345245852,0.0902776801084915,-0.165612384265358,-0.566521145308299,0.0161512342172111,0.137915151537689,0.249439353783414,0.320914232993952,0.376930610457342
1637.in,1637,1.00000000099798,-0.0191760522127263,0.0140073387252442,0.013357529479558,0.177369970828644,0.202709478686099,-0.151642480180253,-0.554728705978472,0.00652477000848994,0.167711570514706,0.258883884696876,0.324056323043124,0.466524217625656
1649.in,1649,1.00000000140017,-0.0182669752026349,-0.095971584573679,0.104138205141457,0.132293889854503,0.0596939246643514,-0.148178184329533,-0.547798750311906,0.00304414801509079,0.168450162388456,0.343590328457698,0.403639662644695,0.414745016932464
1714.in,1714,1.000000001196,-0.252719065231317,0.191009339368574,0.0874601117536988,0.367037108641638,0.00559496223262486,-0.0322686202731126,-0.25593665137207,0.055918172794436,0.0627107154060574,0.412900801124328,0.261752481498328,0.272375367816373
1717.in,1717,1.00000000110539,-0.216100497008678,0.0676112583757021,0.196939759657643,0.257435680572806,0.0158825319996517,-0.0212055598063613,-0.24419025533436,0.0430405398947772,0.0758376444540429,0.411709988230576,0.261859220613214,0.190327392823724
1729.in,1729,1.00000000113833,-0.204661262031073,0.158712861109613,0.190163377331504,0.247154494692159,0.168266541610615,-0.016619197749407,-0.25129174150494,0.0444587827466478,0.074458746587567,0.40635679766707,0.263356748893369,0.2232712423032
1760.in,1760,1.00000000067088,-0.170609867521913,0.1216359019692,0.329631146418244,0.208798568504922,0.0542565541908816,-0.00127241996968781,-0.235580099916746,0.038662095807329,0.0965213843628192,0.553225094860286,0.388835410799724,0.227268443435741
1794.in,1794,1.00000000097617,-0.082256196489404,-0.00109477743637944,0.277937457890706,0.182982004316928,0.0747914108195146,0.0669569058176835,-0.247961993521548,0.0179117378968175,0.158499286843603,0.474654849150392,0.324229960014163,0.156271388256032
1826.in,1826,1.00000000115145,-0.164678482063544,0.0116465050160582,0.0879341345857474,0.309559907702366,0.0503214406789142,0.0422802462666142,-0.330994541582455,0.0384635674733701,0.122249283226171,0.393440597326189,0.274795511931174,0.200098199218902
1831.in,1831,1.00000000103102,-0.21024277061277,-0.0886570791004095,0.175071248918694,0.243355521484169,0.00505997194734678,0.0173323872713444,-0.34378563820203,0.0475011921061708,0.104599388335737,0.428619661506207,0.308030235971248,0.138128730978632
1838.in,1838,1.00000000079286,-0.1549040543154,0.115658133730107,0.0912906581015998,0.297400948902037,0.20850757187082,0.0471366844873395,-0.321909642751734,0.035566442421275,0.135156864646331,0.396111596714148,0.27770380410665,0.24161155688102
1874.in,1874,1.00000000074562,-0.159725264535468,0.0246461771227781,0.00184934397193267,0.341283019306748,0.156567640746608,0.0752953875987835,-0.369301114968359,0.0353276466951435,0.14111725763211,0.343173760236433,0.245312692662318,0.209938493579742
1882.in,1882,1.00000000136087,-0.235330480412301,0.00938453600281121,0.0184097089374552,0.361573191527735,0.0251574262684802,0.0301373488519969,-0.399201170267394,0.0505834312951172,0.0997748758459088,0.402065517825084,0.308159937430024,0.227709159275413
1883.in,1883,1.00000000085913,-0.12348636695423,-0.180743722082535,0.162292413683432,0.195773492302325,0.0729053442154247,0.0727161059319511,-0.365781712223642,0.0253651246376435,0.157163416298276,0.386369983266693,0.287490077910332,0.090364598308451
1891.in,1891,1.00000000102099,-0.217148436030652,0.0548465670713235,0.074365333746932,0.274245565140612,0.264131422186244,0.041373061556191,-0.392155746992155,0.0463443793262919,0.114593048547077,0.366478328757261,0.267102630751715,0.212927090412372
2006.in,2006,1.00000000122546,-0.123525558536834,0.0597679147647402,0.133997519045927,0.249372839962717,0.107291460174327,-0.0245442418385224,-0.361548688441265,0.0259709321928232,0.143741777707071,0.40747667717065,0.333038513042887,0.292308296399249
2034.in,2034,1.00000000138428,-0.041625952689375,-0.0318514120841571,0.0210750017593173,0.257468905090255,0.194159879562942,0.0362637354140441,-0.378203285260722,0.0113685629437895,0.195047544640319,0.286820186169263,0.239037686068942,0.235681088104608
2147.in,2147,1.00000000102526,-0.134116278802119,-0.0441932399650271,0.108368080499346,0.213958273512463,0.0495170746693082,-0.119266386170309,-0.40239053111687,0.0317139840467538,0.131299067702721,0.339341618596465,0.302345117666784,0.299638546463973
2164.in,2164,1.00000000096685,-0.00777405622744798,-0.0114910536552929,0.174172574272963,0.16796686433401,0.15832991524434,-0.0568841155716242,-0.35404637542926,0.000110920470067885,0.194974797857582,0.370860194418725,0.324205332841334,0.303656512874104
2182.in,2182,1.00000000134194,-0.00628894408127603,0.0444188099270286,0.225128398254787,0.141300616662912,0.220311166847349,-0.0471890693687253,-0.359937105742198,0.00364190275765005,0.198395642438329,0.406953325995104,0.366052380417417,0.329060568521321
2188.in,2188,1.00000000130834,-0.00846237302275985,-0.00633815520880705,0.279635308979085,0.116180487983922,0.14429640124711,-0.0465343247326277,-0.356671427880535,0.00289508574905144,0.201178660636073,0.452420059644097,0.399924009676052,0.307062448969704
2205.in,2205,1.00000000127589,-0.0554038192265384,-0.180281181574831,0.155301271665024,0.143131922594531,0.0569959538751538,-0.0525957746363931,-0.422322686808837,0.0104292401358548,0.18940893195888,0.351057736946025,0.316196263954301,0.224984126132243
2227.in,2227,1.00000000112499,-0.2256142873024,-0.0544607621993534,0.145938065973298,0.230552160830289,0.0269843383485282,-0.133196625187854,-0.481067922091653,0.0497962989596472,0.103096675833513,0.427715329939412,0.392436064110334,0.318932738555526
2267.in,2267,1.00000000092256,-0.13123436884036,-0.00357334733514505,0.0316427959370246,0.233156313995596,0.266607877027458,-0.0778562719228311,-0.500417284398596,0.0331041046461173,0.160280753493546,0.300657985020986,0.304837786114996,0.336401693280033
2299.in,2299,1.00000000089896,-0.0518919400843029,-0.142278462530195,-0.0325935083820091,0.207811363934718,0.285050211709669,-0.0224146389700517,-0.526500547557514,0.0122652566736834,0.20969283802937,0.22301388767662,0.243299817782686,0.265890692545039
2518.in,2518,1.00000000127286,-0.245995021351233,0.0612217235135829,0.105453911102981,0.33927835713715,0.149037535990829,0.0236553708336074,-0.254549023687424,0.0532918068284126,0.117551920978243,0.400885327037651,0.241836901072749,0.16338179241665
2521.in,2521,1.0000000011176,-0.273201391438661,0.134441677430481,0.0527192958171655,0.432457133667551,0.0599468142563694,0.00629257469727545,-0.261410712543455,0.0628714528214228,0.104177423559447,0.436103244330813,0.275392622187606,0.226022765412648
2534.in,2534,1.00000000126102,-0.169482664035101,0.0611302383027395,0.180629168912971,0.266575447606004,0.269478038996371,0.0778381365660386,-0.221126020477468,0.0395757671143469,0.15780559453552,0.420018936736543,0.246587739816234,0.136423588264149
2561.in,2561,1.00000000104829,-0.196692485818977,0.146709286873148,0.24273816870034,0.298514113954262,0.179567137370446,0.0572829639314978,-0.238801593426505,0.0435515729273696,0.144309743688012,0.540004869456907,0.353143737807475,0.213467790679745
2570.in,2570,1.0000000011395,-0.167526822161667,-0.020685196829494,0.0926055447373795,0.295375279973642,0.228890971983996,0.0909375645682528,-0.276138571409135,0.0355309319507496,0.172380036153294,0.359525880925579,0.208936055682432,0.102841156254815
2616.in,2616,1.00000000080858,-0.324509203844584,0.119143559238908,0.187158194126995,0.325169345713808,0.189896076537507,-0.00137761108610852,-0.334162875838807,0.0726653059514411,0.0926676501464927,0.530649693255924,0.372248471648416,0.226054967230111
2623.in,2623,1.00000000124467,-0.283602106870767,0.0929189945789165,0.218213448012828,0.337306109792625,0.0823004099199622,0.0367374319785296,-0.31836694595284,0.0626604706311552,0.119754382613803,0.582445942864693,0.412954616799997,0.219575629045602
2642.in,2642,1.00000000112596,-0.159553578410686,0.00849859907981535,0.112913819682211,0.272829321370881,0.334671102082455,0.114537752303809,-0.323098556778546,0.0366487604416354,0.187086929241157,0.389413745358217,0.246310514468967,0.133758495030776
2691.in,2691,1.00000000117145,-0.117822700642137,-0.177282307049304,0.107852668312256,0.289145740054821,0.0984164275802952,0.153941772463993,-0.356520489600882,0.0226067853346249,0.220180074717172,0.432875399920687,0.294044908179643,0.0814095247642159
2697.in,2697,1.0000000010236,-0.116323542292259,-0.0150796037457362,0.0419864848130155,0.330395698187716,0.331251212083218,0.161343858020546,-0.353020157688502,0.022926925700607,0.223099276267099,0.38582762064825,0.25519351950582,0.142292474614334
2781.in,2781,1.00000000088418,-0.209569715906662,0.0177787068250971,0.265296981605415,0.225550333457898,0.167680892583362,-0.0213505739155839,-0.327759162053884,0.0495763418310622,0.144114979233145,0.532306169377404,0.389378312278887,0.218618449293653
2836.in,2836,1.00000000135973,-0.155751769611484,0.00756728733874902,0.202435460599714,0.269862909532819,0.160140684353776,0.0336761540595983,-0.359222650017509,0.0329785014096261,0.187151516717998,0.527259620428009,0.418667857010274,0.236375128411291
2938.in,2938,1.00000000092087,-0.171597782260671,-0.0311539971979939,0.0101246532614152,0.306001666508421,0.187612829459671,-0.0687459807727541,-0.40602147549082,0.0396611465033418,0.173006085686878,0.330333433700358,0.267031661109433,0.279904005772306
3005.in,3005,1.0000000011638,-0.121055166513704,-0.154537840030276,0.0587902960789871,0.298890754102292,0.026302657478148,-0.0274281817365441,-0.446387118335076,0.0239628336434619,0.212004920221316,0.406795736259341,0.35518054609691,0.252994457157885
3152.in,3152,1.00000000089839,-0.174776720474475,0.0981314273944249,0.0154965097872176,0.330709825335114,0.263244823089947,-0.134138677833589,-0.504032368724307,0.0379768842560315,0.185400309657955,0.407018615458765,0.386469252074689,0.456759962218177
3157.in,3157,1.00000000089802,-0.218417861150414,0.0156486222970474,0.0981138556284507,0.272709651301243,0.224083453996395,-0.161541377395146,-0.519891432066413,0.0519805781119261,0.156861461615767,0.436473057394411,0.416439983143773,0.403498342927044
