filename,index,minor_1,major_1,minor_2,major_2,minor_3,major_3,minor_4,major_4,minor_5,major_5,minor_6,major_6,minor_7,major_7,minor_8,major_8,minor_9,major_9
fld_20x20x20_0.dat,0,-0.2399,0.4799,-0.1228,0.4095,-0.031,0.3098,0,0.2751,0.0568,0.2838,0.1215,0.3037,0.1938,0.323,0.273,0.3413,0.3661,0.3661
fld_20x20x20_1.dat,1,-0.2747,0.5494,-0.1207,0.4022,-0.0296,0.296,0,0.2646,0.0538,0.2688,0.1137,0.2842,0.1788,0.298,0.2513,0.3142,0.3282,0.3282
fld_20x20x20_6.dat,6,-0.2282,0.4564,-0.1249,0.4163,-0.0312,0.3115,0,0.2765,0.0564,0.2819,0.1203,0.3008,0.1913,0.3188,0.2696,0.337,0.3569,0.3569
fld_20x20x20_10.dat,10,-0.2124,0.4249,-0.1184,0.3946,-0.0302,0.3024,0,0.2673,0.0557,0.2784,0.1173,0.2933,0.1871,0.3119,0.2649,0.3311,0.3436,0.3436
fld_20x20x20_11.dat,11,-0.2376,0.4752,-0.1234,0.4112,-0.0312,0.3121,0,0.2768,0.0573,0.2864,0.1205,0.3014,0.1886,0.3144,0.2584,0.323,0.3358,0.3358
fld_20x20x20_20.dat,20,-0.242,0.484,-0.1192,0.3973,-0.0299,0.2994,0,0.267,0.0552,0.2758,0.1161,0.2903,0.184,0.3066,0.2584,0.323,0.3382,0.3382
fld_20x20x20_37.dat,37,-0.2642,0.5285,-0.1206,0.4019,-0.0308,0.3077,0,0.2752,0.0565,0.2824,0.1194,0.2985,0.1876,0.3126,0.2626,0.3282,0.3421,0.3421
fld_20x20x20_107.dat,107,-0.2249,0.4498,-0.123,0.4098,-0.0314,0.3144,0,0.2769,0.0574,0.2868,0.1201,0.3002,0.187,0.3117,0.2601,0.3251,0.3357,0.3357
fld_20x20x20_112.dat,112,-0.2385,0.477,-0.1206,0.402,-0.0307,0.3074,0,0.2728,0.0562,0.2809,0.1213,0.3034,0.1943,0.3238,0.2761,0.3452,0.3728,0.3728
fld_20x20x20_123.dat,123,-0.2245,0.449,-0.1235,0.4117,-0.0314,0.314,0,0.2783,0.0566,0.2828,0.1185,0.2961,0.1836,0.306,0.256,0.3199,0.3349,0.3349
fld_20x20x20_222.dat,222,-0.2307,0.4615,-0.1215,0.4051,-0.0307,0.3071,0,0.2732,0.0559,0.2795,0.1165,0.2913,0.1848,0.3079,0.2601,0.3252,0.3403,0.3403
fld_20x20x20_224.dat,224,-0.2299,0.4599,-0.1218,0.4061,-0.0313,0.313,0,0.2786,0.0572,0.286,0.1205,0.3013,0.1886,0.3143,0.2599,0.3248,0.3377,0.3377
fld_20x20x20_242.dat,242,-0.2216,0.4433,-0.1193,0.3977,-0.0307,0.3066,0,0.2734,0.0566,0.2829,0.1208,0.302,0.1909,0.3181,0.2679,0.3349,0.3524,0.3524
fld_20x20x20_266.dat,266,-0.2136,0.4272,-0.124,0.4133,-0.0318,0.3177,0,0.2809,0.0578,0.2889,0.1205,0.3012,0.1879,0.3132,0.2586,0.3233,0.3353,0.3353
fld_20x20x20_330.dat,330,-0.2154,0.4307,-0.1208,0.4028,-0.0308,0.3082,0,0.2726,0.0563,0.2815,0.1185,0.2962,0.1876,0.3127,0.2629,0.3287,0.3476,0.3476
fld_20x20x20_385.dat,385,-0.2216,0.4432,-0.1182,0.394,-0.0304,0.3043,0,0.2708,0.0542,0.2708,0.1139,0.2848,0.182,0.3033,0.2605,0.3256,0.349,0.349
fld_20x20x20_409.dat,409,-0.2211,0.4421,-0.1216,0.4052,-0.031,0.3098,0,0.2761,0.0561,0.2803,0.1173,0.2932,0.1836,0.3059,0.2586,0.3232,0.3402,0.3402
fld_20x20x20_440.dat,440,-0.2246,0.4492,-0.1183,0.3942,-0.0305,0.305,0,0.2721,0.0564,0.2822,0.12,0.3001,0.1926,0.321,0.2727,0.3409,0.3641,0.3641
fld_20x20x20_521.dat,521,-0.2116,0.4231,-0.1155,0.3849,-0.0304,0.3045,0,0.2722,0.0553,0.2764,0.1155,0.2889,0.1815,0.3025,0.2524,0.3156,0.3314,0.3314
fld_20x20x20_531.dat,531,-0.2286,0.4573,-0.1182,0.394,-0.0304,0.3037,0,0.2704,0.0556,0.2781,0.1167,0.2917,0.1841,0.3068,0.2602,0.3253,0.3434,0.3434
fld_20x20x20_582.dat,582,-0.2141,0.4282,-0.1188,0.3962,-0.0305,0.3047,0,0.2724,0.0561,0.2806,0.117,0.2926,0.1847,0.3078,0.2599,0.3248,0.3498,0.3498
fld_20x20x20_591.dat,591,-0.2123,0.4246,-0.1176,0.3919,-0.0305,0.3049,0,0.2719,0.0556,0.278,0.1168,0.2921,0.1848,0.308,0.2576,0.322,0.3399,0.3399
fld_20x20x20_645.dat,645,-0.2096,0.4193,-0.1167,0.3891,-0.0302,0.3025,0,0.269,0.0548,0.2738,0.1157,0.2893,0.1822,0.3037,0.2548,0.3185,0.3357,0.3357
fld_20x20x20_687.dat,687,-0.2392,0.4783,-0.1114,0.3714,-0.0289,0.289,0,0.2582,0.0534,0.2668,0.1139,0.2848,0.1801,0.3002,0.2545,0.3181,0.3347,0.3347
fld_20x20x20_698.dat,698,-0.199,0.3979,-0.1155,0.3849,-0.03,0.3003,0,0.2673,0.0544,0.2721,0.1133,0.2833,0.1788,0.298,0.2514,0.3143,0.3256,0.3256
fld_20x20x20_725.dat,725,-0.2349,0.4698,-0.1099,0.3662,-0.0291,0.2907,0,0.2589,0.0531,0.2656,0.1138,0.2844,0.1826,0.3044,0.2584,0.3229,0.3417,0.3417
fld_20x20x20_740.dat,740,-0.2261,0.4523,-0.111,0.3701,-0.0293,0.293,0,0.2623,0.0538,0.2689,0.114,0.2849,0.1798,0.2997,0.2516,0.3145,0.3322,0.3322
fld_20x20x20_803.dat,803,-0.2123,0.4245,-0.1109,0.3697,-0.0294,0.2941,0,0.2614,0.053,0.2652,0.1118,0.2795,0.1757,0.2929,0.2472,0.309,0.33,0.33
fld_20x20x20_1008.dat,1008,-0.2282,0.4564,-0.1183,0.3942,-0.0307,0.3069,0,0.2744,0.0567,0.2834,0.1194,0.2984,0.1876,0.3127,0.2673,0.3341,0.3634,0.3634
fld_20x20x20_1018.dat,1018,-0.2301,0.4602,-0.1264,0.4214,-0.0322,0.3224,0,0.2844,0.0583,0.2916,0.1224,0.3061,0.1931,0.3218,0.268,0.3351,0.3535,0.3535
fld_20x20x20_1034.dat,1034,-0.2152,0.4305,-0.1216,0.4053,-0.0317,0.3167,0,0.2805,0.0582,0.2911,0.1241,0.3103,0.1964,0.3274,0.2767,0.3459,0.3726,0.3726
fld_20x20x20_1039.dat,1039,-0.2163,0.4325,-0.1194,0.398,-0.0312,0.3115,0,0.2765,0.0572,0.2859,0.1209,0.3022,0.1888,0.3146,0.262,0.3275,0.3447,0.3447
fld_20x20x20_1044.dat,1044,-0.2397,0.4794,-0.1191,0.397,-0.0308,0.3085,0,0.2763,0.0574,0.2872,0.1222,0.3055,0.1921,0.3202,0.2667,0.3333,0.3493,0.3493
fld_20x20x20_1047.dat,1047,-0.231,0.462,-0.1152,0.384,-0.0298,0.2975,0,0.2652,0.0554,0.2768,0.1188,0.2969,0.1899,0.3165,0.2702,0.3377,0.3602,0.3602
fld_20x20x20_1053.dat,1053,-0.2216,0.4432,-0.1182,0.3941,-0.0304,0.3044,0,0.2691,0.056,0.2802,0.1162,0.2905,0.1807,0.3012,0.2531,0.3164,0.3339,0.3339
fld_20x20x20_1077.dat,1077,-0.225,0.4501,-0.1206,0.4019,-0.0309,0.309,0,0.2741,0.0568,0.2838,0.1192,0.2979,0.1843,0.3071,0.2519,0.3149,0.334,0.334
fld_20x20x20_1083.dat,1083,-0.2483,0.4967,-0.1166,0.3887,-0.0303,0.3031,0,0.2728,0.0564,0.2821,0.1178,0.2945,0.1848,0.3081,0.2566,0.3208,0.3309,0.3309
fld_20x20x20_1099.dat,1099,-0.2569,0.5137,-0.118,0.3932,-0.0302,0.3017,0,0.2688,0.0554,0.2768,0.1171,0.2928,0.1823,0.3039,0.255,0.3188,0.3318,0.3318
fld_20x20x20_1131.dat,1131,-0.2217,0.4434,-0.1216,0.4052,-0.0313,0.3128,0,0.2763,0.0574,0.2868,0.1219,0.3047,0.1921,0.3201,0.2658,0.3323,0.346,0.346
fld_20x20x20_1138.dat,1138,-0.2286,0.4571,-0.1231,0.4102,-0.0314,0.3139,0,0.2794,0.0573,0.2865,0.1222,0.3056,0.1949,0.3249,0.2769,0.3461,0.3631,0.3631
fld_20x20x20_1143.dat,1143,-0.2248,0.4496,-0.1191,0.3968,-0.0308,0.3077,0,0.2747,0.0568,0.2841,0.1188,0.2971,0.1871,0.3118,0.2642,0.3303,0.3477,0.3477
fld_20x20x20_1163.dat,1163,-0.2168,0.4336,-0.1226,0.4088,-0.0315,0.3152,0,0.2811,0.058,0.2898,0.1228,0.307,0.1924,0.3206,0.2662,0.3327,0.3478,0.3478
fld_20x20x20_1219.dat,1219,-0.2173,0.4347,-0.1184,0.3948,-0.0311,0.3106,0,0.276,0.0567,0.2834,0.1173,0.2933,0.1813,0.3022,0.2553,0.3191,0.3381,0.3381
fld_20x20x20_1242.dat,1242,-0.2245,0.449,-0.1155,0.3852,-0.0305,0.3045,0,0.2714,0.0553,0.2765,0.1168,0.2919,0.186,0.3101,0.2618,0.3273,0.3565,0.3565
fld_20x20x20_1315.dat,1315,-0.2475,0.4951,-0.116,0.3867,-0.0303,0.3026,0,0.2716,0.0557,0.2787,0.1178,0.2946,0.1847,0.3079,0.2551,0.3188,0.3301,0.3301
fld_20x20x20_1366.dat,1366,-0.2278,0.4556,-0.1166,0.3887,-0.03,0.3,0,0.2704,0.0555,0.2773,0.1175,0.2937,0.1836,0.306,0.2555,0.3194,0.3362,0.3362
fld_20x20x20_1413.dat,1413,-0.2128,0.4255,-0.1134,0.378,-0.0302,0.3022,0,0.2685,0.0554,0.2771,0.1175,0.2936,0.1877,0.3129,0.2645,0.3306,0.352,0.352
fld_20x20x20_1419.dat,1419,-0.2077,0.4153,-0.1148,0.3827,-0.0304,0.3036,0,0.2688,0.0548,0.274,0.1158,0.2894,0.1803,0.3005,0.2503,0.3129,0.3307,0.3307
fld_20x20x20_1455.dat,1455,-0.2113,0.4225,-0.1178,0.3928,-0.0309,0.3092,0,0.2753,0.057,0.2852,0.1207,0.3018,0.1897,0.3162,0.2615,0.3269,0.3442,0.3442
fld_20x20x20_1495.dat,1495,-0.2281,0.4562,-0.1125,0.375,-0.0298,0.2982,0,0.2651,0.0538,0.2692,0.114,0.2851,0.1805,0.3009,0.26,0.325,0.3512,0.3512
fld_20x20x20_1512.dat,1512,-0.2174,0.4348,-0.1113,0.3709,-0.0294,0.2943,0,0.2647,0.0541,0.2705,0.1137,0.2843,0.1784,0.2973,0.2477,0.3097,0.3217,0.3217
fld_20x20x20_1527.dat,1527,-0.2487,0.4974,-0.1144,0.3813,-0.0297,0.2967,0,0.2676,0.0543,0.2713,0.1133,0.2831,0.1769,0.2949,0.2483,0.3104,0.3289,0.3289
fld_20x20x20_1529.dat,1529,-0.243,0.4861,-0.1142,0.3806,-0.03,0.2996,0,0.2687,0.0546,0.273,0.1161,0.2902,0.183,0.3049,0.2521,0.3152,0.3253,0.3253
fld_20x20x20_1550.dat,1550,-0.206,0.4119,-0.115,0.3832,-0.0304,0.3043,0,0.2731,0.0564,0.2822,0.1182,0.2955,0.1872,0.312,0.2637,0.3296,0.3503,0.3503
fld_20x20x20_1561.dat,1561,-0.2112,0.4223,-0.1155,0.385,-0.0307,0.3065,0,0.2744,0.0565,0.2827,0.1193,0.2981,0.1868,0.3114,0.2589,0.3236,0.3329,0.3329
fld_20x20x20_1562.dat,1562,-0.2199,0.4398,-0.1132,0.3774,-0.0299,0.2987,0,0.2679,0.0546,0.2732,0.1139,0.2848,0.1811,0.3018,0.2553,0.3192,0.3374,0.3374
fld_20x20x20_1563.dat,1563,-0.2429,0.4859,-0.1125,0.3748,-0.0297,0.2967,0,0.2679,0.0547,0.2737,0.1145,0.2863,0.1791,0.2986,0.251,0.3137,0.33,0.33
fld_20x20x20_1580.dat,1580,-0.2267,0.4534,-0.1137,0.3791,-0.03,0.2999,0,0.2702,0.0549,0.2745,0.1151,0.2879,0.1811,0.3019,0.2559,0.3199,0.3419,0.3419
fld_20x20x20_1623.dat,1623,-0.2243,0.4485,-0.1161,0.3869,-0.03,0.3005,0,0.2706,0.0555,0.2773,0.1177,0.2944,0.1872,0.3119,0.2636,0.3295,0.3477,0.3477
fld_20x20x20_1624.dat,1624,-0.2043,0.4086,-0.1142,0.3805,-0.0304,0.3044,0,0.2716,0.0558,0.2789,0.1176,0.2939,0.1857,0.3096,0.2602,0.3252,0.3408,0.3408
fld_20x20x20_1637.dat,1637,-0.2236,0.4472,-0.1097,0.3655,-0.0291,0.2909,0,0.2622,0.0539,0.2695,0.1121,0.2802,0.1751,0.2919,0.248,0.31,0.3326,0.3326
fld_20x20x20_1649.dat,1649,-0.2132,0.4264,-0.1136,0.3785,-0.0305,0.305,0,0.2743,0.0561,0.2806,0.1157,0.2893,0.1796,0.2994,0.2468,0.3085,0.3268,0.3268
fld_20x20x20_1714.dat,1714,-0.2496,0.4992,-0.1213,0.4045,-0.0311,0.3108,0,0.2764,0.0571,0.2857,0.1199,0.2998,0.1875,0.3126,0.2596,0.3244,0.3393,0.3393
fld_20x20x20_1717.dat,1717,-0.2285,0.4569,-0.1228,0.4092,-0.032,0.3203,0,0.286,0.0592,0.2962,0.1235,0.3086,0.1917,0.3195,0.2642,0.3302,0.3393,0.3393
fld_20x20x20_1729.dat,1729,-0.2332,0.4665,-0.124,0.4132,-0.0314,0.3144,0,0.2796,0.0578,0.2889,0.1211,0.3028,0.1888,0.3146,0.2629,0.3287,0.3474,0.3474
fld_20x20x20_1760.dat,1760,-0.2257,0.4513,-0.1231,0.4103,-0.0317,0.3171,0,0.282,0.0587,0.2933,0.1228,0.3071,0.1913,0.3188,0.2634,0.3292,0.3393,0.3393
fld_20x20x20_1794.dat,1794,-0.2257,0.4514,-0.1266,0.4219,-0.0324,0.324,0,0.2873,0.0589,0.2945,0.1223,0.3057,0.1891,0.3152,0.2591,0.3239,0.3339,0.3339
fld_20x20x20_1826.dat,1826,-0.2281,0.4563,-0.1208,0.4025,-0.0309,0.3087,0,0.2752,0.0569,0.2844,0.1199,0.2998,0.1883,0.3138,0.2634,0.3293,0.346,0.346
fld_20x20x20_1831.dat,1831,-0.2196,0.4392,-0.1252,0.4173,-0.0322,0.3221,0,0.2842,0.0588,0.2941,0.124,0.3101,0.1955,0.3258,0.2707,0.3384,0.3518,0.3518
fld_20x20x20_1838.dat,1838,-0.2502,0.5004,-0.1191,0.3971,-0.0311,0.3108,0,0.2769,0.0573,0.2863,0.1203,0.3007,0.1897,0.3162,0.2658,0.3322,0.3524,0.3524
fld_20x20x20_1874.dat,1874,-0.2467,0.4934,-0.1167,0.3891,-0.0299,0.2985,0,0.2656,0.0543,0.2713,0.1152,0.2881,0.1812,0.3021,0.2534,0.3168,0.3354,0.3354
fld_20x20x20_1882.dat,1882,-0.2199,0.4398,-0.1188,0.3961,-0.0308,0.3082,0,0.2721,0.0564,0.2821,0.1191,0.2979,0.1874,0.3123,0.2612,0.3265,0.3479,0.3479
fld_20x20x20_1883.dat,1883,-0.2249,0.4498,-0.1229,0.4097,-0.0318,0.3179,0,0.2821,0.0578,0.2892,0.1207,0.3017,0.1863,0.3104,0.2601,0.3251,0.3383,0.3383
fld_20x20x20_1891.dat,1891,-0.2299,0.4598,-0.1204,0.4013,-0.031,0.3099,0,0.2765,0.0578,0.2891,0.1234,0.3085,0.1959,0.3264,0.2775,0.3469,0.3765,0.3765
fld_20x20x20_2006.dat,2006,-0.2271,0.4543,-0.1193,0.3977,-0.0311,0.3105,0,0.2757,0.0567,0.2833,0.1193,0.2982,0.1869,0.3115,0.2613,0.3267,0.3435,0.3435
fld_20x20x20_2034.dat,2034,-0.2443,0.4887,-0.1182,0.3939,-0.0303,0.3031,0,0.2719,0.0557,0.2785,0.118,0.295,0.1832,0.3053,0.255,0.3187,0.3356,0.3356
fld_20x20x20_2147.dat,2147,-0.2148,0.4296,-0.1183,0.3944,-0.0306,0.306,0,0.2729,0.0565,0.2826,0.1193,0.2984,0.1898,0.3163,0.2674,0.3343,0.3493,0.3493
fld_20x20x20_2164.dat,2164,-0.2246,0.4493,-0.1168,0.3893,-0.0305,0.3045,0,0.2744,0.0562,0.281,0.1188,0.2971,0.1882,0.3137,0.2633,0.3292,0.3433,0.3433
fld_20x20x20_2182.dat,2182,-0.2196,0.4392,-0.1182,0.394,-0.0304,0.3035,0,0.2721,0.0565,0.2826,0.1187,0.2968,0.1877,0.3128,0.2631,0.3289,0.3384,0.3384
fld_20x20x20_2188.dat,2188,-0.2195,0.439,-0.1228,0.4092,-0.0312,0.3122,0,0.2785,0.0572,0.2862,0.1196,0.2991,0.1881,0.3135,0.2607,0.3259,0.3364,0.3364
fld_20x20x20_2205.dat,2205,-0.2136,0.4272,-0.1206,0.4018,-0.0312,0.312,0,0.2788,0.0568,0.2839,0.1187,0.2968,0.1862,0.3104,0.2586,0.3233,0.3313,0.3313
fld_20x20x20_2227.dat,2227,-0.2131,0.4262,-0.119,0.3966,-0.0317,0.3174,0,0.2821,0.0581,0.2903,0.1211,0.3028,0.1883,0.3138,0.2567,0.3209,0.3284,0.3284
fld_20x20x20_2267.dat,2267,-0.2288,0.4576,-0.112,0.3732,-0.0298,0.2982,0,0.2677,0.0555,0.2774,0.1186,0.2965,0.1881,0.3136,0.2665,0.3332,0.3514,0.3514
fld_20x20x20_2299.dat,2299,-0.2155,0.4309,-0.1153,0.3844,-0.03,0.3004,0,0.2692,0.0546,0.2731,0.1149,0.2871,0.1816,0.3027,0.2576,0.322,0.3494,0.3494
fld_20x20x20_2518.dat,2518,-0.2296,0.4591,-0.1234,0.4112,-0.0317,0.317,0,0.2826,0.0586,0.2928,0.1222,0.3054,0.1888,0.3147,0.2613,0.3266,0.3412,0.3412
fld_20x20x20_2521.dat,2521,-0.2549,0.5098,-0.122,0.4067,-0.0314,0.3143,0,0.2805,0.0584,0.2921,0.122,0.305,0.1906,0.3176,0.264,0.33,0.3392,0.3392
fld_20x20x20_2534.dat,2534,-0.2364,0.4727,-0.1227,0.409,-0.0313,0.313,0,0.2811,0.0592,0.296,0.1253,0.3133,0.196,0.3267,0.2725,0.3406,0.3596,0.3596
fld_20x20x20_2561.dat,2561,-0.2366,0.4732,-0.1242,0.4139,-0.0316,0.3165,0,0.281,0.0581,0.2903,0.121,0.3024,0.1895,0.3159,0.2612,0.3265,0.3403,0.3403
fld_20x20x20_2570.dat,2570,-0.2383,0.4765,-0.1218,0.4061,-0.0312,0.3119,0,0.2798,0.0585,0.2923,0.1236,0.3089,0.1956,0.3259,0.2759,0.3449,0.3616,0.3616
fld_20x20x20_2616.dat,2616,-0.2128,0.4256,-0.1223,0.4076,-0.032,0.3202,0,0.2823,0.0592,0.2961,0.1241,0.3101,0.1918,0.3197,0.2621,0.3276,0.3295,0.3295
fld_20x20x20_2623.dat,2623,-0.2233,0.4466,-0.1243,0.4143,-0.0318,0.3185,0,0.2813,0.0577,0.2885,0.1201,0.3002,0.1862,0.3103,0.258,0.3225,0.334,0.334
fld_20x20x20_2642.dat,2642,-0.2347,0.4693,-0.123,0.4099,-0.0313,0.3128,0,0.2799,0.0578,0.2889,0.1224,0.3059,0.1948,0.3247,0.2746,0.3433,0.3605,0.3605
fld_20x20x20_2691.dat,2691,-0.2164,0.4327,-0.1227,0.409,-0.0316,0.316,0,0.282,0.0578,0.2891,0.1217,0.3042,0.1913,0.3188,0.2682,0.3352,0.3567,0.3567
fld_20x20x20_2697.dat,2697,-0.2412,0.4824,-0.1181,0.3938,-0.0308,0.3083,0,0.2768,0.0572,0.2861,0.1194,0.2985,0.1872,0.312,0.2626,0.3282,0.3491,0.3491
fld_20x20x20_2781.dat,2781,-0.2167,0.4335,-0.1248,0.4161,-0.0325,0.325,0,0.2878,0.0598,0.2991,0.1248,0.3121,0.194,0.3234,0.2667,0.3333,0.3403,0.3403
fld_20x20x20_2836.dat,2836,-0.2178,0.4356,-0.122,0.4067,-0.0319,0.3193,0,0.284,0.0581,0.2906,0.1199,0.2996,0.1889,0.3149,0.2643,0.3303,0.3459,0.3459
fld_20x20x20_2938.dat,2938,-0.2246,0.4493,-0.1158,0.386,-0.0301,0.3006,0,0.2687,0.0554,0.277,0.1163,0.2909,0.1835,0.3058,0.254,0.3175,0.3282,0.3282
fld_20x20x20_3005.dat,3005,-0.2152,0.4305,-0.1164,0.3881,-0.0311,0.3107,0,0.2796,0.0573,0.2863,0.1176,0.2941,0.1823,0.3039,0.2514,0.3142,0.3243,0.3243
fld_20x20x20_3152.dat,3152,-0.2275,0.455,-0.1123,0.3742,-0.0299,0.2987,0,0.2682,0.0559,0.2793,0.1189,0.2973,0.1901,0.3168,0.2675,0.3344,0.3475,0.3475
fld_20x20x20_3157.dat,3157,-0.208,0.4161,-0.1155,0.3851,-0.0311,0.311,0,0.2771,0.0575,0.2873,0.1198,0.2995,0.1896,0.3159,0.2657,0.3322,0.3504,0.3504
